feature,importance
tenure_months,0.33285341045877104
num_logins_last_30d,0.28373089162517906
num_tickets_last_90d,0.1843137102504496
country,0.12341459142642092
plan_type,0.07568739623917935
